neib,comm
Albany Park,Albany Park
Mayfair,Albany Park
North Mayfair,Albany Park
Ravenswood Manor,Albany Park
Archer Heights,Archer Heights
Armour Square,Armour Square
Chinatown,Armour Square
Wentworth Gardens,Armour Square
Ashburn,Ashburn
Ashburn Estates,Ashburn
Beverly View,Ashburn
Crestline,Ashburn
Parkview,Ashburn
Scottsdale,Ashburn
Wrightwood,Ashburn
Auburn Gresham,Auburn Gresham
Gresham,Auburn Gresham
Galewood,Austin
The Island,Austin
North Austin,Austin
South Austin,Austin
West Humboldt Park,Humboldt Park
Avalon Park,Avalon Park
Marynook,Avalon Park
Stony Island Park,Avalon Park
Avondale,Avondale
Jackowo,Avondale
Wac?awowo,Avondale
Avondale Gardens,Avondale Gardens
Polish Village,"Avondale,?Irving Park"
Belmont Central,Belmont Cragin
Brickyard,Belmont Cragin
Cragin,Belmont Cragin
Hanson Park,Belmont Cragin
Beverly,Beverly
East Beverly,Beverly
West Beverly,Beverly
Bridgeport,Bridgeport
Brighton Park,Brighton Park
Burnside,Burnside
Calumet Heights,Calumet Heights
Pill Hill,Calumet Heights
Chatham,Chatham
East Chatham,Chatham
West Chatham,Chatham
West Chesterfield,"Chatham,?Roseland"
Chicago Lawn,Chicago Lawn
Lithuanian Plaza,Chicago Lawn
Marquette Park,Chicago Lawn
Chrysler Village,Clearing
Clearing East,Clearing
Clearing West,Clearing
Bronzeville,Douglas
Dearborn Homes,Douglas
The Gap,Douglas
Groveland Park,Douglas
Lake Meadows,Douglas
Prairie Shores,Douglas
South Commons,Douglas
Stateway Gardens,Douglas
Belmont Heights,Dunning
Belmont Terrace,Dunning
Dunning,Dunning
Irving Woods,Dunning
Schorsch Village,Dunning
East Garfield Park,East Garfield Park
Fifth City,East Garfield Park
East Side,East Side
Andersonville,Edgewater
Edgewater,Edgewater
Edgewater Beach,Edgewater
Edgewater Glen,Edgewater
Lakewood / Balmoral,Edgewater
Edison Park,Edison Park
Englewood,Englewood
Hamilton Park,Englewood
Edgebrook,Forest Glen
Forest Glen,Forest Glen
Old Edgebrook,Forest Glen
Sauganash,Forest Glen
South Edgebrook,Forest Glen
Wildwood,Forest Glen
Fuller Park,Fuller Park
Gage Park,Gage Park
Garfield Ridge,Garfield Ridge
LeClaire Courts,Garfield Ridge
Sleepy Hollow,Garfield Ridge
Vittum Park,Garfield Ridge
Grand Boulevard,Grand Boulevard
Legends South?(Robert Taylor Homes),Grand Boulevard
Grand Crossing,Greater Grand Crossing
Greater Grand Crossing,Greater Grand Crossing
Park Manor,Greater Grand Crossing
Hegewisch,Hegewisch
Belmont Gardens,Hermosa
Hermosa,Hermosa
Kelvyn Park,Hermosa
Humboldt Park,Humboldt Park
East Hyde Park,Hyde Park
Hyde Park,Hyde Park
Irving Park,Irving Park
Kilbourn Park,Irving Park
Merchant Park,Irving Park
Old Irving Park,Irving Park
The Villa,Irving Park
Gladstone Park,Jefferson Park
Jefferson Park,Jefferson Park
Kenwood,Kenwood
North Kenwood,Kenwood
Boystown,Lake View
Graceland West,Lake View
Lake View,Lake View
Lake View East,Lake View
North Halsted,Lake View
South East Ravenswood,Lake View
West Lakeview,Lake View
Wrigleyville,Lake View
Lincoln Park,Lincoln Park
Old Town Triangle,Lincoln Park
Park West,Lincoln Park
Ranch Triangle,Lincoln Park
Sheffield Neighbors,Lincoln Park
West DePaul,Lincoln Park
Wrightwood Neighbors,Lincoln Park
Bowmanville,Lincoln Square
Budlong Woods,Lincoln Square
Lincoln Square,Lincoln Square
Ravenswood,Lincoln Square
Ravenswood Gardens,Lincoln Square
Bucktown,Logan Square
Kosciuszko Park?(The Land of Koz),Logan Square
Logan Square,Logan Square
Palmer Square,Logan Square
East Pilsen,Lower West Side
Heart of Chicago,Lower West Side
Lower West Side,Lower West Side
Pilsen,Lower West Side
McKinley Park,Mckinley Park
Montclare,Montclare
Beverly Woods,Morgan Park
Kennedy Park,Morgan Park
Morgan Park,Morgan Park
West Morgan Park,Morgan Park
Mount Greenwood,Mount Greenwood
Talley's Corner,Mount Greenwood
ExtraNeibsBelow,NaN
Cabrini?Green,Near North Side
Gold Coast,Near North Side
Goose Island,Near North Side
Magnificent Mile,Near North Side
Near North Side,Near North Side
Old Town,Near North Side
River North,Near North Side
Streeterville,Near North Side
Central Station,Near South Side
Dearborn Park,Near South Side
Museum Campus,Near South Side
Prairie Avenue Historic District,Near South Side
Fulton River District,Near West Side
Greektown,Near West Side
Illinois Medical District,Near West Side
Little Italy,Near West Side
Near West Side,Near West Side
Tri-Taylor,Near West Side
University Village,Near West Side
West Loop,Near West Side
Back of the Yards,New City
Canaryville,New City
New City,New City
North Center,North Center
Roscoe Village,North Center
Saint Ben's,North Center
Douglas Park,North Lawndale
Homan Square,North Lawndale
K-Town,North Lawndale
North Lawndale,North Lawndale
Hollywood Park,North Park
North Park,North Park
River's Edge,North Park
Big Oaks,Norwood Park
Norwood Park East,Norwood Park
Norwood Park West,Norwood Park
Old Norwood,Norwood Park
Oriole Park,Norwood Park
Union Ridge,Norwood Park
Oakland,Oakland
O'Hare,Ohare
Schorsch Forest View,Ohare
Portage Park,Portage Park
Cottage Grove Heights,Pullman
Pullman,Pullman
Altgeld Gardens,Riverdale
Eden Green,Riverdale
Golden Gate,Riverdale
Riverdale,Riverdale
Loyola,Rogers Park
Rogers Park,Rogers Park
Fernwood,Roseland
Kensington,Roseland
Lilydale,Roseland
Princeton Park,Roseland
Roseland,Roseland
Rosemoor,Roseland
South Chicago,South Chicago
South Deering,South Deering
Little Village,South Lawndale
Marshall Square,South Lawndale
South Lawndale,South Lawndale
Jackson Park Highlands,South Shore
South Shore,South Shore
The Loop,Loop
Near East Side,Loop
Printer's Row,Loop
South Loop,Loop
Buena Park,Uptown
Clarendon Park,Uptown
Margate Park,Uptown
New Chinatown,Uptown
Sheridan Park,Uptown
Uptown,Uptown
Brainerd,Washington Heights
Longwood Manor,Washington Heights
Washington Heights,Washington Heights
Washington Park,Washington Park
West Elsdon,West Elsdon
West Englewood,West Englewood
West Garfield Park,West Garfield Park
Ford City,West Lawn
West Lawn,West Lawn
West Pullman,West Pullman
Nortown,West Ridge
Peterson Park,West Ridge
Rosehill,West Ridge
West Ridge,West Ridge
West Rogers Park,West Ridge
East Village,West Town
Noble Square,West Town
Pulaski Park,West Town
River West,West Town
Smith Park,West Town
Ukrainian Village,West Town
West Town,West Town
Wicker Park,West Town
Polish Downtown,"West Town,?Logan Square"
West Woodlawn,Woodlawn
Woodlawn,Woodlawn
Manually Added,
Near North,Near North Side
Printers Row,Near North Side
West Loop Gate,Loop
East Ukrainian Village,West Town
Magnolia Glen,Edgewater
Lakewood - Balmoral,Edgewater
Cabrini Green,Near North Side
University Village / Little Italy,Near West Side
West De Paul,Lincoln Park
Arcadia Terrace,West Ridge
Lathrop Homes,North Center
West Rodgers Park,West Ridge
Heart of Italy,Lower West Side
South Old Irving Park,Irving Park
Horner Park,North Center
Kelvin Park,Hermosa
Ida B. Wells / Darrow Homes,Douglas
Winneconna Parkway,Greater Grand Crossing
Marycrest,Ashburn
Parkway Gardens,Greater Grand Crossing
Clearing (W),Clearing
The Robert Taylor Homes,Grand Boulevard
The Bush,South Chicago
Old Norwood Park,Norwood Park
Clearing (E),Clearing
Mount Greenwood Heights,Mount Greenwood
Chicago Midway Airport,Clearing
Lake Calumet,South Deering
Trumbull Park,South Deering
London Towne,Pullman
Tally's Corner,Mount Greenwood
